hollywood,give,little,girls,hope,that,love,love
hollywood,give,little,girls,hope,that,love,love
hollywood,give,little,girls,hope,that,love,love
hollywood,give,little,girls,hope,that,love,love
hollywood,give,little,girls,hope,that,love,love
hollywood,give,little,girls,hope,that,love,love
hollywood,give,little,girls,hope,that,love,love
hollywood,give,little,girls,hope,that,love,love
hollywood,give,little,girls,hope,that,love,love
hollywood,give,little,girls,hope,that,love,love
hollywood,give,little,girls,hope,that,love,love
hollywood,give,little,girls,hope,that,love,love
hollywood,give,little,girls,hope,that,love,love
hollywood,give,little,girls,hope,that,love,love
hollywood,give,little,girls,hope,that,love,love
hollywood,give,little,girls,hope,that,love,love
hollywood,give,little,girls,hope,that,love,love
hollywood,give,little,girls,hope,that,love
400,pound,monkey,is,book,behind,states,point
little,things
nephew,toooo,loud
treats,towards,family,fuck,shit
boy,game,tight
excited,apartment,next,year,perfect
sitting,line,minutes,employees,standing,near,talking-no,wonder,amazon,winning
honestly,care,less
drinking,velvet,merlin,colorado,mountain,brewery,roundhouse
add,snapchat,no,gabebeining
hair,feels,shorter,looks,everyone,else,lol
seriously,cry,found,chip,front,tooth
definately,show
maygan,said,"girls""",gone,"girls""",funny,iscell
yeah
tight,market,least
guess
def,school
cause,nothing,left
tiger,woods,needs,playing,lindsay,vonn,isn't,letting,beat
selfish,sounds,put,first,makes,happy,making
whatever
*groupmessage,boss,loves,haha
senior,prank:,purposely,graduate
follow,hot,mama,real,quick
idk,what's,lately
argument,girl,fav,show,big,misunderstanding,oh
talk,perfect,picture
dazbog
excited,idea
unfortunately,cooking,channel,xfinity
warriors
mexican,food
anyone,keep,scads,tweets,authorized,follow,frustrating....anyone
obsessed,bates,motel
mexico,state,news,fightin,loss,haaha
yum,fucken,yum,denver,international,airport
life,coffee,sarcasm,music
yo,didn't,work,took,bath
tinder;,swipe,right
fuck,you,taking,nap
sick,driving,need,coffee,music,helping
workout,felt,amazing
nice,wear,extra,medium,h&amp;m,tee,show,tattoos
almost,"attack""",somehow,clock,upstairs,hour,later,actually,is,won't,late
chem,teacher,left,quiz,woohoo
accepting,questions,denver,sports,mailbag,free,tweet,me
pimp,momma,courtney
adorable....its,funny
follow
ahhhh,night's,episode,grey's,good,happy,back
eat,heart,hose,savagely,eat,organs
top,wishes,earn,money,without,working,smart,without,studying,love,without,hurt,eat,without,fat,
music,season,two,unreal
evan,peters,love,me
hate,running,late,ugg
hate
glad,trista,likes,fun,fun
love,you,sooo,ummm,back,whoops,months,old,mom,auntie
doesn't,everyone,selfies,local,bathroom,mirrors
bitches,nothin',hoes,tricks
sucks,hangout,nothing,hangout
watching,ahs,asylum,shit,else
happy,birthday,love,you
happy,birthday,love
snowmass,happy,hour,base,camp,bar,grill
specialty,service,team,member,whole,foods,market:,co)
person,walking,around,smiles,inside,filled,anger
almost,there,eisenhower,tunnel
hear,you,nothing,outfit,fact,entrepreneur
stay,strong
complain,anything,stfu,hoe
love,heaven,there's,little,bit,heaven
poor,johnny,manziel,might,drafted,raiders
avalis,wayfinding,solutions,collins,co)
lovers,friends
finally,cookie
lithography,technician,aerotek:,co)
soft,ass,hair,ewww,kidding,haha
2018,100,years,since,finland's,independence,mother,russia,short,lived,purchase,finlandia
smoke,weed,everyday
pretty,you,bye
enjoying,cigar,game,ball,yoda,rik's,cigar,deck)
red,rock,canyon,open,space,springs,co)
100,notifications,why
hope,everything
hope,mom,lets,lauren,low,april
vegas,tickets
cousin,mexico
sick,driving,need,coffee,music,helping
snapchat,fuck
sometimes,cnt,control,anger,frustration,hate,that
word,drake
co:,cna,accountable,healthcare,staffing
ohhh,haha,now,approve,stories,jaders
france,now,please
dude,lie,truth
fun,else,photo,shoots,pool,table,xxx
brother,gross
money,money,cars,cars,clothes,hoes,suppose,be,successful
buy,start,tomorrow
came,george's,house,mom
lying,sin
please,replacement,earpiece,cust,ser,said,don't,pull,strings?please
cash,doesn't,buy
wasting
pick,"milo"""
phillip,seymour,hoffman,toxicology,report,came,positive,heroin,cocaine,benzodiazepines
cant,live,without,hes,half,finally,found
wine,bottles,empty
blue,color,scheme
meal,deal,give,chef,salad,ranch,...please,drive,in)
smoked,shorty
either,guys,interested,goes,bay
let's,plays,out
fire,mountain,co)
shotz,co)
what's,tonight
funny,mom,says,thing,day,next,another,dad
fuck,party,canceled
homework
watching,vegas
talking,lily,makes,realize,maybe,interest,move,somewhere,start,over
took,hit
depressed
sweet,baby
currently,feeling,stupid
mom,pisses,off
welcome
holy,fouls,called,us
drinking,true,blonde,ale,old,chicago
avs,pepsi,center
bro,mine
ruined
tryna,hella,faded,tonite
friday,consists,panda,express,netflix
work,this
hoodie,hoodie,nice,safe,"feeling"""
oh,sky,comes,falling,down,there's,nothing,world,wouldn't,do
seasons,ceases,surprise,me
world
ask,question
idk,call,bruh
nobody,knows
retweet,great,man
presence,rather,absence,others,solitude,achievement
walk
work,rn&lt;&lt;
dry,air,killing,me,humidifier,high,24/7
next,faggot
asked,sadie's,cutest
killing,me,c'mon,kick,ready
reasons,tita,man
fuck,me,i'd,fuck,me
buying,hedgehog
gosh,fliea
incredible,buffet,excited,play,games
money,damnit,others)
text,me,number
dumb,ass,nigga,though,barely,you,"boyfriend""",lookin,ass,nigga
native,fringe,piece
type,relationship,aww
feeling,brushing,teeth,morning&gt;&gt;&gt;&gt;&gt;,iyess
sooo,hurt
little,boy,cut
wtf,noticed,march
followed,realist,ever
miserable,ass,relationship
9073179557,sext
country,music,kinda
realized,friends,girlfriends
seriously,bugged
snapchat
worlds,silver,national,medalists,italy
haha,makes,since,then
hate,march,although,birthday,month,wost,luck
addicted,sure
holy,cow,since,when
destiny,caught
sex,head,sandwich,without
didn't,either,thought,nice
wisssh
iza,needs,ice,cream,cuddles,spaghetti,isn't,day):
shit
alright,meet
anybody,feeling,nostalgic,please,check,circle,squared,appreciation
hei-di's,nigga,lmao
view,gym,afternoon-,clear,blue,skies/sun,shining,state,capitol
yes,ma'am
pregnant,bugs,outta,me
loving
where's,friends,absolutely,visit,them
header,&gt;
forget,$25,deposit,lost,canyon,bring,club,tonight,there
favourite,thing,colour,neighbour,centre
thursday,yet
fall,recover
hate,everyone,ugly
blunt,blunt,blunt,blunt,blunt
twin
civil,wars
part,yay,bendelacreme,again
sad,needed,getaway,trip,fantastic,time
it,folks,pretty,quick,meeting,next,committee,meeting,p.m,april,drake,centre,public,welcome,attend
party,lines...as,usual
welcome
oomf,shoooould
won't,deal,won't
co)
bradley,fire,norma,tho
moon,looks,black,person,smiling,eyes,closed
stout,month,somewhere,drinking,yonder,mountain,oatmeal,stout,sun,eatery,taphouse
dipped,early,check
explanation,needed,except,maybe,guy,talented,skier
dog,lookin,licks
lebron,kobe's,sights
dinner,huhot,bkond922,place,sick
ice,baths,death
hah,father,child
sweet,dreams,made,tweet,though
fat,tuesday--the,year,acknowledge,louisiana,heritage
stay,mad,nothing,happy
talking,piles,party
life,currently:,working,baking,yummy,goods
caffeinated,starbucks)
playinggggggg
orlando,come
foreal,though,wtf,serious
demons,inside,me
probably,starting,early,tonight
attack,tumbleweeds
watchin,thor,bed,doe
smh
watching,spiderman,munching,^.^
sorry,do
church,mom,kathy,bosch,ahhhhhmazing,call,book,appt
hate,wind
time,ready,home
breathe,pissed
turn
apperantly,asian
gave,homeless,guy,sucker
watching,frozen,4th,time
won't,home,till,later
happy,birthday,hittah,enjoy,homie
looking,unreal,me,believe,big,part,past,almost,forgotten,it
knew,shouldnt,came,albuquerque
stands,---set,young,ins,straight
messiah,ronald,reagan,declared,we've,declared
i'd,urge,drive,mass,tumbleweeds,haha
staying,condo,breck,long,here
laying,bed,since,home,track,hours
frozen,sing-a-long,girl,meadows,stadium,frozen,others)
snoopy,happy,dance
sound,sad
tough,life,shake
blame,boys
retweet,realest,shit,twitter,you'll,read,month
pizza
brunching,m'lady,session,kitchen
coffee,breakfast,call,bring,me,body,interested,that,sos
pretty,disappointed,play,mins,bashed,coach,moral,lower,ever
careful
mind,church
bum,noon,bum
anyone,eat,genghis
stressing,pour
goodwill,industries,co)
lunardis,bracket,duke,easiest,path,final
excited,party,birthday
start,13/121,453,started,1/8,table...80,bbs,twice,average,begin
ppl
shit,gets,skin,understand
follow
moving,los,angeles,cause,sick,living,home
guys,anything,fine,soon,females,stuff,problem
timbs,docs
legally,bind,without,glass,a-town,fund,raiser,awesome,kids
.mr_flapjack,hiding,ornamental,grass,camouflage,watching
awe,cuz
worse,places,now,garden
functioning
drank,weight,vodka,night,texted,ex,came,home,4am
perfect,person,god
giddyup,carson,national,forest
ugh,seriously,prom,date,irritating,makes,"anymore.""time",pull,hoes
boca,burgers,dang
sure
nbc,meet,press,joke,upset,usofa,stupid,show
dude,family,stays,talking,shit
jordan,hates
andrew,wake,flawless
mfs,acting,hard,stay
hey,gave,money,bee
guys,dmv,nothing,fun
.@uber,boulder:,predict,life,changing,impact,/cc
mall
making,lot,inexperienced,mistakes
lady,gym,jacked,probably,75%,men
probably,nothing,useful,read,anyway...unless,planning,blow,country
spire,pool,co)
s/o,followers
days,forget,2010,far
blessing,share,blessing
fuck
lost,body,far,since,moving,aiming
type,guy,flaws,girls,anything,positive
hope,guys,fun,great,seeing,you
fuck,fucks,everyone
pretty,horrifying,yet,eat,mcdonalds
faggot
parking,ticket,went,shopping,successful
snapchat,me,a-steezy19
everyone,expect,pissed,shit,monday-wednesday,sbas
ohio,aspiring,colorado
pistachio,butter,thing,be
sad,dave
princess,class
majority,yard,doesn't,grass,it,grow,corn,summer
minutes,second,half,8-16,buffs
fucked,severely
end,world
emily's,finally,starting,gossip,girl
colorado
nicole's,relationship,shanks,babe
thing,today
follow
wentworth,rocking,green,velvet,pants,case,anyone,wondering
left,jacket,trunk,boyfriend's,car,hawaii,denver,flight,chicago
tire,springs,co)
skip,finals,pass,classes,that,keep,a's
goin
noooo,motivation,move,bed
snow,colorado,snow,kentucky,buena,vista
lot,guns,cashing,$$$
flight,1611,delayed,multiple,times,atl,connection,cvg
pinchin,y'all,muffuckas,today
hora,volver,casa,denver,international,airport,157,others)
3rd,grader,point,pinch
pull,then,cali,getaway
steph
play,"roulette""",song/artist,surprised,hear,yours
denver,wichita
nails,shopping,done,momma,roughing,later,beach,volleyball
bluebird,vail,yesterday,sunny,keystone,skies,today,doesn't
lil,worried,dad,moment
doesn't,this
down
ate,fruit,snacks
automatically,connecting,wifi,adrie's,grammas,love
eagle,county,regional,airport
sitting,desk,arms,dead,rip
backyard,pretty,cool
stay,fuck,away,oooh,kill
least,nice,warm
shamrock,skiing
flow,fml
block,number,phone,real
bouta,watch
life's,short,drink,crappy,coffee,cry,boys,car
let's,consult,tha,doctor
honestly,wasn't,bad,birds,worst
done,goodbye
awesome
gosh,missed
team,volleyball
seattle,time,denver,international,airport,104,others)
mexican,dang,lmao,white
comebacks,terrible,class,talk,majors,delusion
actually,went,class,today,teacher,counted,absent,dad,thinks,ditched
katelyn,fuck,bed
another,person,350,sounds,little,1200,sounds
byeeeeee,fort,collins,future,ram,cam,ram,cute,home,away,home
sing,big,spencer,birthday
tag,tweets,post,instead,hiding,scared
let's
gotcha
screenshot
headed,down,little,bit,per,hits
party,vigor,monday,march,celebrate,non,holidays
great,pull
sippin',arizona,tea
putting,periods,end,sentences,haha
love,baby,gotta,love
pronounced,crayn
drinks,rich
matter,matters,you,matter,matters,care
appreciate,offer,bent
exhausted,today,not
hair,slicked,back,rick,pitino
expose,schemes,unlock,dream,god,help
lame,bed,9:30,spring,break
wrong,dislike,towards,person,met,ugh,nice
already
twitter
3,4
legs,dead
shit,wrong,didn't
okay,rant
lindsey,lohan,hot,wasn't,cocaine
spinning,falling,black,hole,anything,dark,place
away,away,alright,sleep,sound,crazy,anything
everyone,gotta,buiness
matthew,mcconaughey,shares,thoughts,texas,win
she's,beautiful
worst,person,ruin,everything,here
move,on,there's,looking
foreal,emojis
running,tomorrow,saturday
s/o,woohoo,won,second,match,tomorrow,best,xoxo
trying,shape,ileave,cali
alright,tagging,please
name,every,where
otf,ridin',sosa
years,old,father,"child.""",yes,are,ariel,shut,eat,cereal
wudd,aggies
watchin,textin,cuzn,scrappin,em,shoulda,kept,exposed,yo.ass,wit,lies
knowing,years,old,kinda,old,now,lol
seeing,shwayze,segan,tomorrow,black,sheep,whaaa
phone,fox,hound,drunk,love,all
sleep,started
girlfriend,hoes
spring,break,leaving,soon
hey,big,daddy,haven't,talked,while
hope,break,leg
invest,lol,vanny,drinking
tits:,sequel,two,bowls,jello,tonight,estrogen,joke
lobos,on
listen,show,mountain,standard
samuel,jackson,capital,commercials,&gt;&gt;&gt;
guess,shower,ready,clean,chill
first,damn
happy,birthday,day1,stud,wouldn't,trade,crazy,cat,anything
today's,work,table,hot,pink,name,game,love,dice,laurie,maves,art
kanye,obama,respect,pandering,hate,guts
ice,cream,pie,good!!:)
badasss
xbox,cry
wouldn't,mind,busting,bracket,mercer,winning,game
ready,another,grab,high,five,spro
kirk,there,killing,us,fun,ucla,next,year
nobody,gettin,bill
hell,yeah,hell,yeah,ima,nap,class
asked,knew,happening,didn't,guess
amount,food,ate
mercer,though,son
roll,continues
mercer,baby
obviously,focused,nba,boy,coming
watching,duke
move,keep,ruining
must,able,future,point,week,neither,kyrie,rivers,jabari,passed,sweet
eating,stuff,sucks,expensive
happy,squeal,fest,disney,store,congratulations,again
makeup,challenge..wtf
shittin,duke,lost,team,give,life
off
keep,fighting,brother,chance,sign,petition
beyond,blessed,standing,next,me
god,damnit,duke,lose,bracket
told,guys,lose,early-ish,didn't,listen,myself
home,c.springs,clouds,liking
1:18pm,friday,march,21st,hill,boulder,class,yes,beer,"bong?"""
ily,girls
beowulf,baaaad
making,hotdogs,hotdog,buns,throw,hoes,regular,bread
fan,fantastic,poppin',zanies,zantastic
deserve,happiness
damn,it,break,almost,mins,left,game
hope,lunch
found,guy,wants,run,gb's,he's,pretty,legit
rid,black,tar,heroine
took,words,mouth
church,drove,past,estes,park,co,barely,looks,real
sex,pharaoh,oooo,put,pussy,sarcophagus
game
playing,football,haha
pasta,isn't,good,imma
he's,5-0,he's,bomb,planter
so,meant,cop,he's,mass,lie,kinda,liked,him,share
follow,man
husband
work,almost,over,unwind,recover,grind,repeat
looks,mercer,team,brutal,game
spring,break
hear,story,aren't,touched
hit
hate
marry,whoever,invented,mozzarella,sticks
naughty,girl
hours,till,twin,hour,half,home
high,turned,easier
laying,bed
advice,often
thing,bigger,ego,mirror
lunche,hit,spot
cause,moment,care,moment,seem
didn't,swing,elbows,mean
hair,trimmed,gives,anxiety
iced,coffee,replace,lunch,starbucks)
watch,ridiculousness,chanel's,laugh
season,sun,dresses,booty,shorts,besf,season
ooooh,follow
since,bored,work,read,eagles,news,desean,jackson,49ers
boy,job
friend,invited,watch,nipples,pierced
eat,chinese,haha
friend,doesn't,school
you've,sex,appeal,gain,attention,genders
grandpa,sneered,157,driver,lomas,louisiana,went,another,tirade
boys,beautiful,sittin,lookin',beautiful,little,selfs
snapchat
stuck,denver,airport,next,hours,airport,bar,is,mean,find,dinner
trying,help,others,road,took,especially,fam,listen,makes,slap,shit,cuh
longmont,months,flood,sunset,bridge,out
little,hottie
because,mean,to,walmart,neighborhood,market
wonder,light,lighter,zero,gravity
mom,called,wandering,around,target,parking,lot,forgot,parked
usually,bash,head,wall,outline,big,deal
wow,went,toilet,warp,speed,screw,fuck,kids,them
follow,guy,belieber
bracket,far
winter,park,weekend
pre-workout
lorde,freakin,hot
love,overalls,making,saw,jean,skirts,two,stores,okay
skied,89.9,miles,week,life
great,basketball
logged,facebook,chat,using,facebook,till,saturday,evening,text,tweet,snapchat,me.i'm
hey...i,keep,emails,saying,be,says
didn't,dine,dash,nigga,nigga,haha
kansas,dub
gimme,reason,believe,
one
idk,hate,she's,pretty,cool,love,tattoos
family,turnt,handle,tonight,already
gotta,focus,bettering,things,now,college,apartment,car
damn,road,trip
sitting,next,preston,punch,dancing,emo,music,says,coping,mechanism,pee
sisters
dis,little,lady,cook,dan,gets,goes,wrk.....grr...ha
me
do,many,opportunities,one-liners,though,especially,lobo,country,fans,kvetch,first-round,loss
panic,attacks,fun
looks
no,heat:),ok,stupid,tired,bed
let's,fuck,happy
ready,football,season
lmfao,ichocked
feeling,boy,corey,damn,know,smh
oh,days,won't,me
pussy,boaa,dont
annoyed
favorite,ron,kirk!j,yuan,palace,mongolian,bbq)
trying,ignore,youuuuuu
wow,stepped,metal,thing
thought,happy,use,leo,shower
two-out,run,bottom,head,second,1-0
long,attend,students,away,party
shit,forgot,conference,lmao
sick,entire,life
harsh,reality,ncaa,tourney,everything,rest,season,nothing,disagree,ridiculous
pepsi,center,boston,bruins,colorado,avalanche,co),121,others
guys,close,connections,late,80s,early,90s
smith,plays,shitty,big,pay,day,keep,mind,qbs,won,team,didn't,start
ha,oh,showed,cool,haskell,thing,teaches,scheme,interpreter,send,link,want
thinking,you
sees,something
friends,sick,downtown,apartments,friends,keep
home,wya
live,watching
what'd
fucked,braces,great
actually,thought,matcha,madness,shopping
face,burnt,chapped,hurts
girl,rode,snowmobile
highlands,ranch,colorado!!!#bbn
problem,follow,nascar,fans,stick,together
two,mini,aussies,boarding,love
hear,bullet,club,spots,open,bryan,shield
rio,grande,mexican,restaurant,collins,co)
totally,drink,i'd,rather,sleep
seriously,what's
nope,agree,105%
biggest,salty,ass
finally,home
waiting,start,luuccckkkkyyyyyyy
said,anybody,chaddddddy,anybody
sorry,man,maybe,next,year
nope,confirmed,zero,perfect,brackets,remaining
hell
proud,1st,league,again
buy,dark,brown,hair,dye,comes,pitch,black
michigan,18th,state,allow,gay,marriage,glad,edm,fans,support,love
seasonings,looks,good
lmao,instead,bubble,but,played,"cam""",hahahaha,hahahaha
wish,watch,movies,cuddleeeeee
whole,lot,black,gold,pepsi,center,tonight,feels,thick,enemy,territory,comrades
can,worries
umm,uhh,awkward
airport
...the,selfie,song,radio,wut
tired,bruh..nevermind
neither,he's,guy,stupid,rule,point,isn't,gunna,matter
introduced,mother,tech,n9ne,every,song,nice
love,running,old,volleyball,teammates,long,close,then
boco,bitches
spark,camera,sparks,camera
boss,looks,(#maxthehockeydog's),lunchbox,shakes,head,disbelief,walking,break,room
nutshell
die,blame,her
dudes,funny,lmao
honestly,couple,drinks
mean
wait,what
fuck,either,sisters,fly
stone,cold,stephen,austin,3:16,says,whooped,ass,"vcu!"""
used,close,making,effort,old
guys,won,let's,talk,realllly,won,suck,"won.""-k-state"
hey,mail,flyers,early,tricked,shopping,saved,sales,start,next,week
literally,cry,&lt;&lt;&lt;
cameron,made,day,heard,yell,name,biggest,smile,face
ah,yeah,pharmacy,passing,by,thinkin,minute,"here...""",haha
skype
omg,second
love,cover,photo
wings,frickn,"raw."""
break,bed,nine
town,smaller
awkward,silence,makes,crazy
wish,didn't,bother,act,doesnt
sure,psychology,sure,driving,sure,soda,sure,myself
everyone,who's,today,appreciate,it,means,lot,me
lmao,putting,daisy,blast,idc,idc,idc
whaaaaaa
buying,someone's,love,isn't,far,sooner,later,you'll,realize,you've,blind,time
grandpa,told,cry,boy,doesn't,doesn't,deserve,"you""",god,him
damn,easily,amused,fine,cheer,suppose,mad,shit,goin
miguel,swears
loves,baby
love,snakes
damn,drink
much
current,mood,is:
kinda,summer,jam,year
phoebes,wedding
pretty,scared,open,it._
close,hurt,rather,away,put,me
bed,rn
ooookay,chillin,kitchen,twitter,instead,making,breakfast
honestly,marrying,practically,already
friend,truth
thought,figured,"then.."""
no,face
needed,talk,mrs.paula,glad,parents,friends,love,y'all,much
lot,dumb,shit,again
kids,daysss,omfg
super,sick
stick,chop,sticks
hahahaha,man,,wtf
oomf,bae,yet
parmelee,hall,haunted
number
love,job,easy
lmfao,hanging,nigga,cheat,girl,captain,planet,watching,ass,"nigga"""
went,god's,dead,great,amc,westminster,promenade
anywhere,care,acknowledge,"play""",missed,offensive,call
great,night
mom,thing,must,secret,mom,meetings
reason,earth,goes,around,either,geniuses,saviors),bee,line,anywhere,it'll,stop
sleepy,anyways
you've,powdered,sugar,kid,bathroom,hahahaha
ahhhhhh,beg
okay,hope
hate,seeing,twitter
tho
absolutely,memorization,may,challenge,chronic,fibro,plus,strokes,trusting,things
used,haha
life,striving,better
originals,top
fuck,late,start,huh
ohhh,morning,shift,waking,4:40,birds
hope,we're,winds,die,launch
awesome,picture
morning,aint,fell,asleep
traveling,indiana,work,friends,colorado,springs,airport
woke,freaking,gee,630,sis,goes,wednesday,stupid
also,chicken
another,another,dollar
nice,baked,quinoa,cakes,dried,cherries,pistachios,{new}
clam,out...#humpday
follow,love,tips
air,force,space,command
desperately,work,slippers
breaking:,chicago,bears,agreed,terms,jared,allen,4-year,contract
happy,birthday,pretty,lady
happy,birthday
mom,jam,road,trips......winning
y'all,give,hype,praise,single,mothers,single,fathers,it
love,stuck,teeth,hours
wishing,woke,"arms"""
ate,bunch,hungry
fuck,lincoln
goddamn,***note,management***,turn,heat,arctic.its,early,sweating,whore,church
chiming,comic,talk
sounds,vaguely,familiar
cuddled,watching,croods,netflix,now,yup,sure,am
weirdest,dream
live,chicago,prolly,breath
definitely,love,music,consistency
yet,find,another,year,old,thinks,black,coffee,old,soul,think
alert:,resident,services,representative,landmark,towers
y'all,stay,bitter
skiing,breck,time
killing
pass,shall,known
definitely,love,sometimes
at..
ask,mom,hang,weekend
empty,bottle,loneliness,happiness,seek
stoked,tested,tornado,sirens
bae
1991,jeep,wrangler,scanned,near,alliance,69301
mechanic,diesel,engines,union,pacific
shred,morning,kicked,ass,burns,good
high,expectations,choose,associate
beaver,creek,ski,resort,creek,co)
another,job,real
yaaaaaaaaaaaaaay,omg
drinking,easy,street,wheat,porch,cafe
bucket,lift,love,guysssss
sorry,lost,wife,"i..."""
fight,want,cry
fucked,up,oops,idgaf
wish,texas,now,degrees,nice,here
fre,fre,freeeezing,downstairs
talking,about
text,nahh
sarcastic,relationship,friends..are
defined,fitness,nm)
reading,test,screwed
pretty,sure,fist,fight
fun,thing,colorado,party,hop,smoke,weed,shit,faced,gets,pretty,old,awhile
rip,eazy
remember,shout,outs,cool,twitter
conigs,surrounded,truly,love,without,worry,world
child,child
sign,yes,shirts,that
love,baby
wish,money,buy,dabs,shit
richard,mandy
wtf,wants,pitch
weather
haha,homie,poppin,sayin,shit,heart
course,do
outdoor,soccer,start,soon,enough,week,indoor,driving,crazy,playing,time
fix,eyebrows
bruno,done,again-young
friend,zuri,tells,popular,high,no
must,snapchat,lie,tiffany,co,fuck,snapchat
already,set,shop,lib,basement...and,begins
moment,turn,red
bang,bang
semi-professional,troll,tweets,amateurish,best
amanda,cleaning,whole,house,away,doll
skip,thursday,"man.""",not,cis,class,every
many,sets,"have""",translation,bitch,leave
bummin,week,homeless,look
making,watch,old,movie,edit,film
ah,bench,now
seeds,community,cafe,springs,co)
colossians,4--time:,completely,devoted
whipped,cause,love,gettin',whipped,whip
wow
81045:,red,flag,warning,issued,march,12:29pm,mdt,march,8:00pm,mdt,nws,pueblo
girl,lying,girl,mufasa
everyone,wins,fight,lose,fights
netflix,offer,much
designed,coors,fitness,center
lunch,downtown,denver,sam's,no,others)
wyd,today
what's,wrong
whole,group,project,group,sucks,&lt;&lt;&lt;,hate,group,projects
head,says,"gym""",body,says,"bed""",stomach,says,"fridge""","do"""
snowy,cocktails,lunch,vail,tavern,gore
love
girl,avi,&gt;
yabbut,lot,pvt,waste,eww
since,love,too
find,whatever,derived,it,integral,part,moving,on
happen,catch,doc,skip,talking,filling,glenn
carrot
gym
work,son,emc,corporation)
love,whenever,high,school
see:),boo,text
killing,animals
making,red,velvet,cupcakes,tonight,fugg,*throws,hands*
mine,$10
winkies
kind,love,annie's,organic,now
either,care,work,done,me
passing,slow
try,steal,big,dude,gym,we'll,jump
women,believe,gum,brushing,teeth...but,carry,toothbrush,toothpaste,purse
check,subscribe,best
took,minute,remember
told,ya
please,follow,friend,name,libby,loves,please!just,trying,help
bought,damn,hair,done
good,watch,apr
yes,dumbasses,different,seven,years
....well,damn
rest,week
.@nvogler31,reds,wipe,cocks,sox
frank
prom,days,holy,shit
feels,soo,lay,feet,hurts
done,nothing,workout,driving,classes,break,eat
missed,series,finale,tonight
vinny,followed,vinny,followed,vincent,castronovo,followed,omfg,tysm
sleep
wear,scarves,without,ppl,thinking,might,hiding,hickey
wcw,either
love,fights,facebook
me
s/o,whoever,gave,though
apologize,feelings,apologizing,truth
up
liverpool....don't,me
took,huge,dab,touched,soul
gave,strong,shoutout,recent,parker),jci,paper,talk
perfection,may,ask,closest
build
lesson,white,girls,everywhere:
hayden,holland,love,much
slope,stroll,cherry,creek,reservoir
found,gem,denver's,terminal,root,down,living,recycled,wall,herb,garden
survive,summer,running,full,blast,march
already,stock,100,lbs,1.5,reps,leave
sad
macy's,flatiron,crossing:,retail,sales,associate,full,time/part,co)
made,unforgettable,memories,junior,year,kinda,went,separate,ways
fav,great,day
hate,now,she's,sushi,without,won't,bring,spicy,tuna,cry,baby
what's,hair,today,working,me
laugh,super,loud,mom,gets,mad,me,laugh,louder
may,29-june,favourite,days,summer
eat,tomorrow,idc
please,please,please,support,cuadrilla,cheer,gym
hiking,friday,babysit,ej,times,wish,middle,finger,emoji
needs,mcasswhipping
rep's,every,thing,weaken,aca,complain,enough
albuquerque
happy,birthday
work
puppy,attention,curl,next,pet,"cute"""
walmart,supercenter,co),others
nigga,dannie,fuckin,freshmen,year,hit
twerk,kitty,girl,purrrrrr
love,we're,rooming
punk,rock,life
family,guy,perfect
yesterday's,chest,work,today's,struggle,putting,seatbelt
feelin,damn,life,choices
next,year
viewer,mailbag:
glad,hit,funny,bone
tommrow
rayne,personal,doll
went,fast):
ppl,saw,walk,pole,literally,rammed,head,pole,walking,dang,stupid
100th,tweet,me,may,problem
express,enough,gratitude,life,chances,given
smile,little,guy,keep,company,spring,break
forgiveness,simple,word,hard,you've,hurt
driving,denver,nyc,days,show,.have,fun,tho
bae,girls,booty,pics,easy,"that."""
sheesh
pope,removes,german,'bling,bishop',inquiry
smashing,pumpkins,great
little,boy,walks,gym,play,ball
dream
many,relationships,ruined,now
omg,golfieeee,goat,life
dont,converse,lames,tryna,finesse
house,builts,hits,hard
actually,squealed,pitch,specific,mammals,hear,saw,warhol,figure
okay,leave
dev,found,told,crush,hates,me
sisters,rest,break
hair,needs,longer,thinner,straighter
find
unblocking,erik,good,promise
main,bitch,iphone,haha
brb,play,traffic
boys,playing,snow,product,gym,yes,motivational
may,may,blown,nose,receipt,world,beer
yeah
man,made,fish,tacos,tonight,sooo,good
sick,tired,arguing,sitting,home,nothing
honestly,reason,lie
hungry,forever
inferred,it
isn't,allowing,anything,hibbert
yall,meet,bae
ass,shape
dad,seriously,made,whole,10x,better
camping,chik-fil-a,opening,glad,moved,greeley
drinking,collaboration,litigation,ale,incline,bar,grille
dear,one,beautiful,matter,may,"&lt;3""",danx,bae,doe,next
wish,confident,rest,ugly,ass,niggas
feelin
zach
probs,tweet,hella,tweets,acm's
suntan,earned,bought
lebron,start,playing,d
pet,cloud,please
let's
seriously,done,now
everday,closer,hearing,shit
22,wine,live,music,poor,richard's,bookstore
damn,shit,nigga,took,hit,lol
okay,okay.....i'm,calming,down
hate,bitches,aren't,educated,open,big,ass,mouth,stating,nonsense,aint,true
omg,hate,everything
ried,isn't,name,"description.""",love,it
niceeee...how,it
school,hoop
favorite,verse,verse,brand,guy,str8,bars
blunts
guys,terrible,subtweets,mention,life,easier
start,crave,taco,bell,kidding,crave,taco,bell
listen,marilyn,g-eazy,least,twice
lip,hurtingggg
hold,anymore,pain,killing,noticed,it
wasabi,peas,hurt,good
followed,honored
cock,sock,pics,funny,as'f
fuck
absolute
shit,coo,cycle,ask,ass,shit,happening,watch
covered,vicks,paisa,gets
*baileyholics
shouldn't,difficult
d.a.n.c.e
talking,british,accent,dad,told,i'd,annoying,british,child,ever,daddy
denver,looks,ass,night
wore,shirt,since,high,school,chick-fil-a,treated,dinner,sweet,guys/gals
finding,movie,netflix,hard,fuck,-____-
me,me,wish,positive,time
omg,ahora,conosi,esa,girl,she's,tall,pero
life,fucked
gold,digger,wants,brads,money,doesnt,love,him,lot,bagging,earning,fortune,messed,up
air,noise,comforting
visit,soon,that'd,totes,great
fight,ramiro
face,it
straight,hard
girls,stupid,'know',person,you've,met,person
mariah,hates,talk,man,crush,everyday
tooo
goodnight
ready,spanish,presentation,tomorrow
questioning,hang,victor,riley,now
gotta,lol
hill,person
jill,loves,competitions
happy,life,goosebumps
playing,gta
same,love,though,personality,9/10,meet,fall,love,me
saw
able,flow
raised,cities,angels
fuck,movie,full,fast,cars,shelby,slow,shit
obviously,vary,per,school,wouldn't,pay,normal,part-time,job
"me"""
def,saturday
mann,soon,everyone,goes,sleep,out
rn:,please,"sleep?""",wind:
sierra,many,hoes
indeed
netflix,rest
sleep,nate
poke,crab,expect,"pinched""yesssss"
til,came,along
yeah,already,spring,break
wait
imy,boo
relationship,mean,hang,friends,anymore
happy,birthday
spring
sarcasm,harmful,ozone,layer
thoughts,you
sooooo,guess,sleep,"already.""",wei
thirsty,ass,females,cuh
foo,erase,pic,doe,wall,haha
least,coulda,set,girl,out
yup,official,buy,frozen
lil,isn't,rapper,he's,god
damn,whole,coulda,gone,jail,zack,hahaha.#childmolester,turn,18th,friday
tht
wish,hate,bitch
nice,fave,movie
ratchet,sorry
dunno
word,,guess,making,another,trip,tomorrow
days
wouldn't,hurt,try,it,right
lauren,bed,without,telling,bed,story
yes,were
marissa,scared,fuck,outta
shocking,second,video
work,later,tonight,fuuuuuuuuuhhhhhhhhhh
swear,wake,missed,called,javier,messages,saying,he's,mad,me,lmao
says,emotions,lol
we'll,uploaded,video,covering,radioactive
august
worst,thing,hotels,dressed,morning,coffee
deserved,accolade,congratulations,bdm,you've,certainly,earned,honor
waking,5:30,teeth,cleaned
nightstand,v.2.2.1,clock,appears,correctly,offset,alarm,zone,in
made,it
slave,name
kill,consequence,it,expected,think
too,every,hear,boomerang,makes,soul,sistas,more
four,years,later,millions,enrolled,paul,ryan,entitled,punk
accountemps,data,entry,clerk,co)
"250,000",enrolled,date,"150,000",enrolled,medicaid,expansion,program,i'd,call,win,co
officeteam:,receptionist,co)
hungry
multiple,arrests,made,luggage,theft,case,lax,fox,news,mozilla,firefox
ayee
feels,everyone,skipping,work,today...now,:-)
threat
fuck,little,kids
early,court,-_-
seems,slippery,slope,ruining,amateurism,makes,college,sports,great,also,little,it)
late
feeling,great,life,choices,sitting,dia,drinking
birthday,items,apartment,later,year
call,duty,bed
i'd,anything,every
love,obamacare,came,heritage,foundation,pushed,similar,plans
mom,slipped,street,russia,front,orthopedic,surg,hrs,came,days
school,ends
powder,day,breckenridge,ski,resort,others)
dr,seus,knows,whats,dr,seus
sad,thing,you,wanted,lonely
already,high
staff,physician,teamhealth:,co)
awww,sad,girls,leaving,me,fun,two
alert:,sales,manager,transunion
ocean,air,salty,hair
ironically,try,it
sr,development,engineer,jdsu:,co)
else,girls
you,soo,sick,nappy,hair,everywhere
death,anyone,opposes,spirt
love,yellow,bone
co)
taco,bell
s/o,making,state,shorts,perf,love,boo
double,mmg
fool,bush,watching
worked,thinking,cracker,barrel,breakfast
haha,right,hmm,actually,perfect,nap
cant
swear,price,right,won't,every,game,comfort,couch
mind,telling,give,fuck....sounds
wish,ditch,work,home
dm'd,cell,case,internet,hospital,top,priority,little,arrives
528,sentenced,death,speak,mass,executions
vikes,screwed,nfc,north
sketchy,rio,rancho,stretch,till,colorado
update:,appears,there's,boat,water,tough,hail,falling
guys,white,flyers,black,help
seems,enjoying,unshaven,legs,glad
media,matters,fort,collins,$100.00,fortcollins,internet,products,services
everything,happen,reason,blessings
chill,morning
black,sandlot,edition
breakfast,friend,morning
friends,retweet,made,reeeeeally,crave,pizza
cannot,start,over,begin,now,ending
morning
btw,yes,kiss,work,damn,liked,it
sis,birthday,lets
earth,another,form,hell,men,bitches,"snakes""yeah"
haha,ehh,sometimes
posted,photo,erie,municiple,airport
smoke,manee
yeah,yall,life,boring
genuine,parts,company,napa:,store,manager,job,co)
currently,starving
yampa,valley,regional,airport
everyone's,different,religion,house
remember,mark,told,disneyland,september,little,excited,it
hasn't,full,week,yet,already,lot,catching,lmmfao,ahhh,shit,son,shit
might,saddest,colorado,unforeseen,problems,brought,linda,final
hour,food,cleanse,starting,wish,luck
harry's,thirsty,hoe
used,word,twitter,2nd
money,love,around,grandma,she's,sweetie
plans,taylor,tonight,closing,tomorrow,weekend
damn,thing
dissed,jams,city,colour,on
cody,already,talked,adventure,cheeba,doba,hahaha
fries,five,guys
pizza,roll,package:,serving,me:,fuck,serving,size,twenty
hate,rutley,sick
insulting
sounds,pretty
me,skis,fresh,powder
bob's,burgers,taquitos,yummy
stress,test,nigga,blessed
mission,physically,exhausting,crew,also,mentally,exhausting,especially,recover,bodies
also,cause,week,off
watching,boys,play,basketball,might,boring,thing
emoji's,rob,app,store,settings,keyboard,add,them
yeah,poor
staying,imaginary
selfie,life
pretty,sure,experiencing,slight,case,cardiac,arrest
ncaa,athlete,agree
spanish,oral,exams
mood,shit
crystal,oldest,rock,fragment,found,beautiful
you,girl
great,nice,video,importance,funding,public,safety,measures
yeah,smoke,stogy,baby
use,cast,excuse,clean
whenever,thought,went,shit
yeah,*wiggles,feet*
quiz,close,results,are
chinese,food,asian,eating,there,goes,mexican,food,place,full,mexicans,wrong
bag,swag,ice/heat,pack,wahoo
forgot,you,outta,pen,hits,cop
kain,colter's,motivation,sounds,another,sam,keller,o'bannon
agreed,moreno,flourished,manning's,offense,tough,loss,pass,catching,rbs,hard,by
tablet,phone,background
nvm,5mg,oxy
checking,out,final,approach,denver,international,airport
breakfast,2pm
talking,chica
craving,everything,now
qdoba,chipotle,hands
life,great,frfr,complaints,god,good
yea,thyroid,problem,how.much.you,fed,&gt;:o
whenever,mess,account,damn,fault,play,victim,yeahhhhh,upset,why,-_-
fleetwood,mac,back...as,band,announces,show,33-city,tour,dec,12th,denver
it
estimate,love,son,mother,share,threw,hell,love,biggest,fan
$500,channel,pueblo
ride,park,yet,",but",fun,slashing,next,jumps&amp;rails,today
excited,rockies,games
real,sick,taste,blood,mouth,fight,nasty
fanfreakingtastic,looking,forward,album
worst,long,long
folk,fra,adidas
resist,sick,album,props
feeling,track,immediately,favorite,song
almost,killing,mom
air,yet
tour,without,sampling,local,culinary,offerings,bailey's)
away,days,mom,comes,work,mood
